Date,Shortcode,URL,Title,Summary,Likes,ballistic_detected,ballistic_intercepted,UAV_detected,UAV_intercepted,ballistic_sea,ballistic_land,UAV_sea,UAV_land
2026-02-28,DVUX_J9GjOR,https://www.instagram.com/p/DVUX_J9GjOR/,UAE air defences intercept 132 of 137 missiles and 195 of 209 drones (Day 1),"On February 28, the UAE Ministry of Defence announced that air defence forces intercepted 137 ballistic missiles and 209 drones
launched toward the UAE during a large-scale Iranian attack. Of the 137 missiles detected, 132 were destroyed while five fell into the sea.
Among the 209 drones, 195 were intercepted and 14 landed within the country’s territory or waters, causing minor damage.
The ministry condemned the attack, emphasised the threat to civilian safety and national stability, and pledged readiness to respond to further threats.",48000,137,132,209,195,5,0,0,14
2026-03-01,DVV_YMyEr6G,https://www.instagram.com/p/DVV_YMyEr6G/,"UAE deals with 20 ballistic missiles, 2 cruise missiles and 311 drones (Day 2)","On March 1, the UAE Ministry of Defence reported that on the second day of the Iranian attack,
UAE air force and air defence forces destroyed 20 ballistic missiles, while eight missiles fell into the sea.
They also destroyed two cruise missiles and 311 drones. However, 21 drones struck civilian targets.
Since the beginning of the attack on 28 February, 165 ballistic missiles have been detected (152 destroyed, 13 fell into sea waters),
two cruise missiles were detected and destroyed, and 541 drones were detected (506 intercepted, 35 fell within the country).
These incidents resulted in three fatalities and 58 minor injuries. The Ministry affirmed readiness to address threats and emphasised
the safety of citizens, residents and visitors.",9400,28,20,332,311,8,0,0,21
2026-03-02,DVY156lEqso,https://www.instagram.com/p/DVY156lEqso/,"UAE air defences intercept 9 ballistic missiles, 6 cruise missiles, 148 drones","On March 2, the UAE Ministry of Defence reported that air defence systems intercepted nine ballistic missiles,
six cruise missiles and 148 drones.
Since the start of the Iranian attacks, 174 ballistic missiles were detected (161 destroyed, 13 fell into the sea),
689 drones were detected (645 intercepted, 44 fell within the country) and eight cruise missiles were destroyed.
The attacks caused three fatalities and 68 minor injuries among nationals from several countries.
The Ministry stated that the sounds heard were the result of air defence systems and fighter jets intercepting missiles and drones,
leading to minor to moderate material damage to civilian properties.",4700,9,9,148,148,0,0,0,0
2026-03-03,DVbYzlfj1J8,https://www.instagram.com/p/DVbYzlfj1J8/,"UAE air defences intercept 11 ballistic missiles, 123 drones","On March 3, UAE air defence systems intercepted 11 ballistic missiles and 123 drones.
One ballistic missile landed within the country without causing casualties.
Cumulative statistics since the start of the Iranian attacks show that 186 ballistic missiles were detected (172 destroyed, 13 fell into the sea, one landed)
and 812 drones were detected (755 intercepted, 57 fell within the country).
Eight cruise missiles were detected and destroyed. The Ministry confirmed that sounds heard were the result of interceptions and emphasised preparedness.",1900,12,11,123,123,0,1,0,0
2026-03-04,DVeDJ2oCQpI,https://www.instagram.com/p/DVeDJ2oCQpI/,"UAE air defences intercept 3 ballistic missiles, 121 of 129 drones","The Ministry of Defence announced that on March 4, UAE air defence systems intercepted three ballistic missiles.
They detected 129 drones (UAVs) and successfully intercepted 121, while eight drones fell within the UAE.
Since the beginning of the Iranian attacks, a total of 189 ballistic missiles were detected (175 destroyed, 13 fell into the sea, one landed)
and 941 drones were detected (876 intercepted, 65 fell within the country).
Eight cruise missiles were destroyed. The Ministry reiterated readiness to respond to threats and protect national security.",11,3,3,129,121,0,0,0,8
2026-03-05,DVgN_exkpZA,https://www.instagram.com/p/DVgN_exkpZA/,"UAE air defences intercept 6 ballistic missiles, 125 drones","On March 5, the Ministry of Defence reported that UAE air defence systems detected seven ballistic missiles and destroyed six of them, with one missile falling inside the country. They also detected 131 drones, intercepting 125 while six drones fell within the UAE. Since the start of the Iranian attacks, 196 ballistic missiles have been launched toward the UAE (181 destroyed, 13 fell into the sea, 2 landed within the country) and 1,072 drones detected (1,001 intercepted, 71 fell within the country). Eight cruise missiles were destroyed. The attacks caused three fatalities and 94 minor injuries among nationals from a range of countries. The ministry reiterated that it remains fully prepared to protect national security and sovereignty.",2900,7,6,131,125,0,1,0,6
2026-03-06,DVi3ei0kkVL,https://www.instagram.com/p/DVi3ei0kkVL/,"UAE air defences intercept 9 ballistic missiles, 109 drones","On March 6, UAE air defence systems detected nine ballistic missiles and intercepted all of them. They also detected 112 drones, destroying 109 while three drones fell within the UAE. Since the start of the attacks, 205 ballistic missiles have been detected (190 destroyed, 13 fell into the sea, 2 landed within the country) and 1,184 drones detected (1,110 intercepted, 74 fell within the country). Eight cruise missiles were destroyed. The attacks resulted in three deaths and 112 minor injuries among nationals of various countries. The ministry emphasized high alert and readiness to counter threats.",2900,9,9,112,109,0,0,0,3
2026-03-07,DVlWfcZj4ap,https://www.instagram.com/reel/DVlWfcZj4ap/,"UAE air defences detect 16 ballistic missiles, 121 UAVs (March 7 update)","On March 7, UAE air defence systems detected 16 ballistic missiles.
Of these, 15 missiles were intercepted and destroyed while one fell into the sea.
They also detected 121 UAVs (drones), intercepting 119 while two fell within the country’s territory.
The Ministry emphasised ongoing readiness and underscored its commitment to protecting citizens, residents and visitors.",2800,16,15,121,119,1,0,0,2
2026-03-08,DVnua83kiOl,https://www.instagram.com/p/DVnua83kiOl/,"UAE air defences intercept 16 ballistic missiles, 113 UAVs","On March 8, UAE air defences detected 17 ballistic missiles and destroyed 16, with one falling into the sea. They also detected 117 UAVs, intercepting 113 while four fell within the country. Cumulative figures indicate 238 ballistic missiles detected (221 destroyed, 15 fell into the sea, 2 landed within the country) and 1,422 UAVs detected (1,342 intercepted, 80 fell within the country). Eight cruise missiles were destroyed. The attacks caused four deaths and 112 injuries, and the Ministry reaffirmed readiness to confront threats and safeguard national interests.",2200,17,16,117,113,1,0,0,4
2026-03-09,DVqaUSRiAOt,https://www.instagram.com/p/DVqaUSRiAOt/,"UAE air defences intercept 12 ballistic missiles, 17 UAVs","On March 9, UAE air defences detected 15 ballistic missiles and destroyed 12, with three falling into the sea. They detected 18 UAVs, intercepting 17 and allowing one to fall within the country. Cumulative figures since the start of the attacks show 253 ballistic missiles detected (233 destroyed, 18 fell into the sea, 2 landed within the country) and 1,440 UAVs detected (1,359 intercepted, 81 fell within the country). Eight cruise missiles were destroyed. Four deaths and 117 injuries were reported among nationals from various countries. The Ministry reiterated its readiness to address threats and protect national security.",2200,15,12,18,17,3,0,0,1
2026-03-09,DVqonH8iEuY,https://www.instagram.com/p/DVqonH8iEuY/,MoD announces martyrdom of two UAE Armed Forces members,"The Ministry of Defence announced on March 9 that two members of the UAE Armed Forces were martyred following a helicopter crash due to a technical malfunction while performing their national duty. The ministry expressed condolences to the families of the martyrs, praying for mercy and patience for the grieving families.",5200,15,12,18,17,3,0,0,1
2026-03-10,DVtISYRCBZI,https://www.instagram.com/p/DVtISYRCBZI/,"UAE air defences intercept 8 ballistic missiles, 26 UAVs","On March 10, UAE air defence systems detected 9 ballistic missiles and intercepted 8, with one falling into the sea. They also detected 35 UAVs and intercepted 26, while 9 fell within the country. Since the start of the Iranian attacks, the defence systems have detected 262 ballistic missiles (241 destroyed, 19 fell into the sea, 2 struck within the state) and 1,475 UAVs (1,385 intercepted, 90 fell within the country). Eight cruise missiles have also been destroyed. The attacks led to six deaths and 122 moderate to minor injuries among nationals from multiple countries. The Ministry affirmed ongoing readiness to confront threats and protect UAE sovereignty.",2900,9,8,35,26,1,0,0,9
2026-03-11,DVwip_6iFvz,https://www.instagram.com/modgovae/p/DVwip_6iFvz/,"UAE air defences engage 6 ballistic missiles, 7 cruise missiles, 39 UAVs","On March 11, UAE air defence systems engaged 6 ballistic missiles, 7 cruise missiles and 39 UAVs launched from Iran. Since the onset of the Iranian attacks, UAE air defences had engaged 268 ballistic missiles, 15 cruise missiles and 1,514 UAVs. The Ministry of Defence said 6 fatalities and 131 minor to moderate injuries had been recorded and reiterated that it remained fully prepared to confront threats and protect state security.",,6,6,39,39,0,0,0,0
2026-03-12,DVyxbFSCOuq,https://www.instagram.com/modgovae/p/DVyxbFSCOuq/,UAE air defences intercept 10 ballistic missiles and 26 UAVs,"On March 12, UAE air defence systems engaged 10 ballistic missiles and 26 UAVs launched from Iran. Cumulative figures reached 278 ballistic missiles, 15 cruise missiles and 1,540 UAVs. The Ministry reported 6 fatalities and 131 minor to moderate injuries and said it remained fully prepared to counter threats and safeguard UAE sovereignty, security and stability.",,10,10,26,26,0,0,0,0
2026-03-13,DV0z0FRiNkK,https://www.instagram.com/modgovae/p/DV0z0FRiNkK/,"UAE air defences engage 7 ballistic missiles, 27 UAVs","On March 13, UAE air defence systems engaged 7 ballistic missiles and 27 UAVs launched from Iran. Since the onset of the Iranian attacks, UAE air defences had engaged 285 ballistic missiles, 15 cruise missiles and 1,567 UAVs. The Ministry said the attacks had caused 6 fatalities and 141 minor to moderate injuries and reaffirmed full readiness to confront threats.",,7,7,27,27,0,0,0,0
2026-03-14,DV3N5oriPmN,https://www.instagram.com/modgovae/p/DV3N5oriPmN/,"UAE air defences engage 9 ballistic missiles, 33 UAVs","On March 14, UAE air defence systems engaged 9 ballistic missiles and 33 UAVs launched from Iran. Cumulative totals reached 294 ballistic missiles, 15 cruise missiles and 1,600 UAVs. The Ministry reported 6 fatalities and 141 minor to moderate injuries and said it was fully prepared to counter any threat to state security.",,9,9,33,33,0,0,0,0
2026-03-15,DV58OBuiIHk,https://www.instagram.com/modgovae/p/DV58OBuiIHk/,"UAE air defences engage 4 ballistic missiles, 6 UAVs","On March 15, UAE air defence systems engaged 4 ballistic missiles and 6 UAVs launched from Iran. Since the onset of the attacks, totals reached 298 ballistic missiles, 15 cruise missiles and 1,606 UAVs. The Ministry said the attacks had resulted in 6 deaths and 142 minor to moderate injuries and reaffirmed readiness to deal with threats and defend national capabilities.",,4,4,6,6,0,0,0,0
2026-03-16,DV8g-JxCD0t,https://www.instagram.com/modgovae/p/DV8g-JxCD0t/,"UAE air defences engage 6 ballistic missiles, 21 UAVs","On March 16, UAE air defence systems engaged 6 ballistic missiles and 21 UAVs launched from Iran. Cumulative figures reached 304 ballistic missiles, 15 cruise missiles and 1,627 UAVs. The Ministry reported 2 martyred armed forces members, 5 civilian fatalities and 145 injuries, and said it remained fully prepared to deal with any threat.",,6,6,21,21,0,0,0,0
2026-03-17,DV-_BgsiH8T,https://www.instagram.com/modgovae/p/DV-_BgsiH8T/,"UAE air defences engage 10 ballistic missiles, 45 UAVs","On March 17, UAE air defence systems engaged 10 ballistic missiles and 45 UAVs launched from Iran. Since the onset of the Iranian attacks, cumulative totals reached 314 ballistic missiles, 15 cruise missiles and 1,672 UAVs. The Ministry reported 2 martyred armed forces members, 6 fatalities and 157 injuries and said it remained fully ready to counter threats.",,10,10,45,45,0,0,0,0
2026-03-18,DWBhA-iCPDw,https://www.instagram.com/modgovae/p/DWBhA-iCPDw/,"UAE air defences engage 13 ballistic missiles, 27 UAVs","On March 18, UAE air defence systems engaged 13 ballistic missiles and 27 UAVs launched from Iran. Cumulative totals rose to 327 ballistic missiles, 15 cruise missiles and 1,699 UAVs. The Ministry reported 2 martyred armed forces members, 6 fatalities and 158 injuries and reaffirmed readiness to confront any threat to UAE security and stability.",,13,13,27,27,0,0,0,0
2026-03-19,DWED7KmCIUt,https://www.instagram.com/modgovae/p/DWED7KmCIUt/,"UAE air defences engage 7 ballistic missiles, 15 UAVs","On March 19, UAE air defence systems engaged 7 ballistic missiles and 15 UAVs launched from Iran. Since the onset of the Iranian attacks, UAE air defences had engaged 334 ballistic missiles, 15 cruise missiles and 1,714 UAVs. The Ministry reported 2 martyred armed forces members, 6 fatalities and 158 injuries and said it remained fully prepared to deal with threats.",,7,7,15,15,0,0,0,0
2026-03-20,DWGlTUCiCRC,https://www.instagram.com/modgovae/p/DWGlTUCiCRC/,"UAE air defences engage 4 ballistic missiles, 26 UAVs","On March 20, UAE air defence systems engaged 4 ballistic missiles and 26 UAVs launched from Iran. Cumulative totals reached 338 ballistic missiles, 15 cruise missiles and 1,740 UAVs. The Ministry reported 2 martyred armed forces members, 6 fatalities and 158 injuries and reiterated full readiness to confront attempts to undermine state security.",,4,4,26,26,0,0,0,0
2026-03-21,DWJKE7VCBD1,https://www.instagram.com/modgovae/p/DWJKE7VCBD1/,"UAE air defences engage 3 ballistic missiles, 8 UAVs","On March 21, UAE air defence systems engaged 3 ballistic missiles and 8 UAVs launched from Iran. Since the onset of the attacks, cumulative totals reached 341 ballistic missiles, 15 cruise missiles and 1,748 UAVs. The Ministry reported 2 martyred armed forces members, 6 fatalities and 160 injuries and affirmed its full readiness to confront threats.",,3,3,8,8,0,0,0,0
2026-03-22,DWL1N96CFZs,https://www.instagram.com/modgovae/p/DWL1N96CFZs/,"UAE air defences engage 4 ballistic missiles, 25 UAVs","On March 22, UAE air defence systems engaged 4 ballistic missiles and 25 UAVs launched from Iran. Cumulative totals reached 345 ballistic missiles, 15 cruise missiles and 1,773 UAVs. The Ministry reported 2 martyred armed forces members, 6 fatalities and 160 injuries and said it remained fully prepared to deal with any threat.",,4,4,25,25,0,0,0,0
2026-03-23,DWOTvckCO3n,https://www.instagram.com/modgovae/p/DWOTvckCO3n/,"UAE air defences engage 7 ballistic missiles, 16 UAVs","On March 23, UAE air defence systems engaged 7 ballistic missiles and 16 UAVs launched from Iran. Since the onset of the attacks, cumulative totals reached 352 ballistic missiles, 15 cruise missiles and 1,789 UAVs. The Ministry reported 2 martyred armed forces members, 6 fatalities and 161 injuries and reaffirmed its readiness to confront any threat to UAE security and stability.",,7,7,16,16,0,0,0,0
2026-03-24,DWQ5rDKCH8A,https://www.instagram.com/modgovae/p/DWQ5rDKCH8A/,"UAE air defences engage 5 ballistic missiles, 17 UAVs","UAE air defences engaged 5 ballistic missiles, 17 UAVs The UAE air defence systems on 24th March 2026 engaged 5 ballistic missiles and 17 UAVs launched from Iran. Since the onset of the blatant Iranian aggression, UAE air defences have engaged 357 ballistic missiles, 15 cruise missiles and 1,806 UAVs. These attacks have resulted in the martyrdom of 2 members of the armed forces while performing their national duty, as well as 6 fatalities of Pakistani, Nepali, Bangladeshi and Palestinian nationalities. A total of 161 people were also injured, with injuries ranging from minor to moderate and severe. The injured included nationals of the UAE, Egypt, Sudan, Ethiopia, the Philippines, Pakistan, Iran, India, Bangladesh, Sri Lanka, Azerbaijan, Yemen, Uganda, Eritrea, Lebanon, Afghanistan, Bahrain, Comoros, Türkiye, Iraq, Nepal, Nigeria, Oman, Jordan, Palestine, Ghana, Indonesia, Sweden and Tunisia. The Ministry of Defence affirmed that it remains fully prepared and ready to deal with any threats, and will firmly confront any attempts to undermine State security in a manner that ensures the protection of its sovereignty, security and stability, and safeguards its national interests and capabilities. #وزارة_الدفاع #وزارة_الدفاع_الإماراتية #MOD #UAEMinistryOfDefence"".",,5,5,17,17,0,0,0,0
2026-03-25,DWTgbhlCBV7,https://www.instagram.com/modgovae/p/DWTgbhlCBV7/,UAE air defences engage 9 UAVs,"UAE air defences engaged 9 UAVs. The UAE air defence systems on 25th March 2026 engaged 9 UAVs launched from Iran. Since the onset of the blatant Iranian aggression, UAE air defences have engaged 357 ballistic missiles, 15 cruise missiles and 1,815 UAVs. These attacks have resulted in the martyrdom of 3 members of the armed forces while performing their national duty, as well as 6 fatalities of Pakistani, Nepali, Bangladeshi and Palestinian nationalities. A total of 166 people were also injured, with injuries ranging from minor to moderate and severe. The injured included nationals of the UAE, Egypt, Sudan, Ethiopia, the Philippines, Pakistan, Iran, India, Bangladesh, Sri Lanka, Azerbaijan, Yemen, Uganda, Eritrea, Lebanon, Afghanistan, Bahrain, Comoros, Türkiye, Iraq, Nepal, Nigeria, Oman, Jordan, Palestine, Ghana, Indonesia, Sweden and Tunisia. The Ministry of Defence affirmed that it remains fully prepared and ready to deal with any threats, and will firmly confront any attempts to undermine State security in a manner that ensures the protection of its sovereignty, security and stability, and safeguards its national interests and capabilities. #وزارة_الدفاع #وزارة_الدفاع_الإماراتية #MOD #UAEMinistryOfDefence"".",,0,0,9,9,0,0,0,0
2026-03-26,DWWU0yUiHl9,https://www.instagram.com/modgovae/p/DWWU0yUiHl9/,"UAE air defences engage 15 ballistic missiles, 11 UAVs","UAE air defences engaged 15 ballistic missiles and 11 UAVs The UAE air defences systems on 26th March 2026 engaged 15 ballistic missiles and 11 UAVs launched from Iran. Since the start of the blatant Iranian attacks, UAE air defences have engaged 372 ballistic missiles, 15 cruise missiles and 1,826 UAVs. The attacks resulted in the martyrdom of 2 members of the armed forces while performing their national duty, in addition to the martyrdom of a Moroccan civilian contracted by the Armed Forces, as well as 8 fatalities of Pakistani, Nepali, Bangladeshi, Palestinian and Indian nationalities. A total of 169 people were also injured, with injuries ranging from minor to moderate and severe. The injured included nationals of the UAE, Egypt, Sudan, Ethiopia, the Philippines, Pakistan, Iran, India, Bangladesh, Sri Lanka, Azerbaijan, Yemen, Uganda, Eritrea, Lebanon, Afghanistan, Bahrain, Comoros, Türkiye, Iraq, Nepal, Nigeria, Oman, Jordan, Palestine, Ghana, Indonesia, Sweden and Tunisia. The Ministry of Defence affirmed that it remains fully prepared and ready to deal with any threats and will firmly confront anything that aims to undermine the security of the country, in a manner that ensures the protection of its sovereignty, security and stability and safeguards its interests and national capabilities. #وزارة_الدفاع #وزارة_الدفاع_الإماراتية #MOD #UAEMinistryOfDefence"".",,15,15,11,11,0,0,0,0
2026-03-27,DWYwCpfCOPK,https://www.instagram.com/modgovae/p/DWYwCpfCOPK/,"UAE air defences engage 6 ballistic missiles, 9 UAVs","UAE air defences engaged 6 ballistic missiles and 9 UAVs The UAE air defences systems on 27th March 2026 engaged 6 ballistic missiles and 9 UAVs launched from Iran. Since the start of the blatant Iranian attacks, UAE air defences have engaged 378 ballistic missiles, 15 cruise missiles and 1,835 UAVs. The attacks resulted in the martyrdom of 2 members of the armed forces while performing their national duty, in addition to the martyrdom of a Moroccan civilian contracted by the Armed Forces, as well as 8 fatalities of Pakistani, Nepali, Bangladeshi, Palestinian and Indian nationalities. A total of 171 people were also injured, with injuries ranging from minor to moderate and severe. The injured included nationals of the UAE, Egypt, Sudan, Ethiopia, the Philippines, Pakistan, Iran, India, Bangladesh, Sri Lanka, Azerbaijan, Yemen, Uganda, Eritrea, Lebanon, Afghanistan, Bahrain, Comoros, Türkiye, Iraq, Nepal, Nigeria, Oman, Jordan, Palestine, Ghana, Indonesia, Sweden and Tunisia. The Ministry of Defence affirmed that it remains fully prepared and ready to deal with any threats and will firmly confront anything that aims to undermine the security of the country, in a manner that ensures the protection of its sovereignty, security and stability and safeguards its interests and national capabilities. #وزارة_الدفاع #وزارة_الدفاع_الإماراتية #MOD #UAEMinistryOfDefence"".",,6,6,9,9,0,0,0,0
2026-03-28,DWbS1zAiI-O,https://www.instagram.com/modgovae/p/DWbS1zAiI-O/,"UAE air defences engage 20 ballistic missiles, 37 UAVs","UAE air defences engaged 20 ballistic missiles and 37 UAVs The UAE air defences systems on 28th March 2026 engaged 20 ballistic missiles and 37 UAVs launched from Iran. Since the start of the blatant Iranian attacks, UAE air defences have engaged 398 ballistic missiles, 15 cruise missiles and 1,872 UAVs. The attacks resulted in the martyrdom of 2 members of the armed forces while performing their national duty, in addition to the martyrdom of a Moroccan civilian contracted by the Armed Forces, as well as 8 fatalities of Pakistani, Nepali, Bangladeshi, Palestinian and Indian nationalities. A total of 178 people were also injured, with injuries ranging from minor to moderate and severe. The injured included nationals of the UAE, Egypt, Sudan, Ethiopia, the Philippines, Pakistan, Iran, India, Bangladesh, Sri Lanka, Azerbaijan, Yemen, Uganda, Eritrea, Lebanon, Afghanistan, Bahrain, Comoros, Türkiye, Iraq, Nepal, Nigeria, Oman, Jordan, Palestine, Ghana, Indonesia, Sweden and Tunisia. The Ministry of Defence affirmed that it remains fully prepared and ready to deal with any threats and will firmly confront anything that aims to undermine the security of the country, in a manner that ensures the protection of its sovereignty, security and stability and safeguards its interests and national capabilities. #وزارة_الدفاع #وزارة_الدفاع_الإماراتية #MOD #UAEMinistryOfDefence"".",,20,20,37,37,0,0,0,0
2026-03-29,DWd0-EAiOLS,https://www.instagram.com/modgovae/p/DWd0-EAiOLS/,"UAE air defences engage 16 ballistic missiles, 42 UAVs","UAE air defences engaged 16 ballistic missiles and 42 UAV's. The UAE air defences on 29th March 2026 engaged 16 ballistic missiles and 42 UAV's launched from Iran. Since the start of the blatant Iranian attacks, UAE air defences have engaged 414 ballistic missiles, 15 cruise missiles and 1,914 UAVs. The attacks resulted in the martyrdom of 2 members of the armed forces while performing their national duty, in addition to the martyrdom of a Moroccan civilian contracted by the Armed Forces, as well as 8 fatalities of Pakistani, Nepali, Bangladeshi, Palestinian and Indian nationalities. A total of 178 people were also injured, with injuries ranging from minor to moderate and severe. The injured included nationals of the UAE, Egypt, Sudan, Ethiopia, the Philippines, Pakistan, Iran, India, Bangladesh, Sri Lanka, Azerbaijan, Yemen, Uganda, Eritrea, Lebanon, Afghanistan, Bahrain, Comoros, Türkiye, Iraq, Nepal, Nigeria, Oman, Jordan, Palestine, Ghana, Indonesia, Sweden and Tunisia. The Ministry of Defence affirmed that it remains fully prepared and ready to deal with any threats and will firmly confront anything that aims to undermine the security of the country, in a manner that ensures the protection of its sovereignty, security and stability and safeguards its interests and national capabilities. #وزارة_الدفاع #وزارة_الدفاع_الإماراتية #MOD #UAEMinistryOfDefence"".",,16,16,42,42,0,0,0,0
2026-03-30,DWgZ90FCOWb,https://www.instagram.com/modgovae/p/DWgZ90FCOWb/,"UAE air defences engage 11 ballistic missiles, 27 UAVs","UAE air defences engaged 11 ballistic missiles and 27 UAV's. The UAE air defences on 30th March 2026 engaged 11 ballistic missiles and 27 UAV's launched from Iran. Since the start of the blatant Iranian attacks, UAE air defences have engaged 425 ballistic missiles, 15 cruise missiles and 1,941 UAVs. The attacks resulted in the martyrdom of 2 members of the armed forces while performing their national duty, in addition to the martyrdom of a Moroccan civilian contracted by the Armed Forces, as well as 8 fatalities of Pakistani, Nepali, Bangladeshi, Palestinian and Indian nationalities. A total of 178 people were also injured, with injuries ranging from minor to moderate and severe. The injured included nationals of the UAE, Egypt, Sudan, Ethiopia, the Philippines, Pakistan, Iran, India, Bangladesh, Sri Lanka, Azerbaijan, Yemen, Uganda, Eritrea, Lebanon, Afghanistan, Bahrain, Comoros, Türkiye, Iraq, Nepal, Nigeria, Oman, Jordan, Palestine, Ghana, Indonesia, Sweden and Tunisia. The Ministry of Defence affirmed that it remains fully prepared and ready to deal with any threats and will firmly confront anything that aims to undermine the security of the country, in a manner that ensures the protection of its sovereignty, security and stability and safeguards its interests and national capabilities. #وزارة_الدفاع #وزارة_الدفاع_الإماراتية #MOD #UAEMinistryOfDefence"".",,11,11,27,27,0,0,0,0
2026-03-31,DWjAnHyCK8B,https://www.instagram.com/modgovae/p/DWjAnHyCK8B/,"UAE air defences engage 8 ballistic missiles, 36 UAVs","UAE air defences engaged 8 Ballistic missiles and 4 Cruise missiles and 36 UAV’s. The UAE air defences on 31th March 2026 engaged 8 Ballistic missiles, 4 Cruise missiles and 36 UAV’s launched from Iran. Since the start of the blatant Iranian attacks, UAE air defences have engaged 433 ballistic missiles, 19 cruise missiles and 1,977 UAVs. The attacks resulted in the martyrdom of 2 members of the armed forces while performing their national duty, in addition to the martyrdom of a Moroccan civilian contracted by the Armed Forces, as well as 8 fatalities of Pakistani, Nepali, Bangladeshi, Palestinian and Indian nationalities. A total of 188 people were also injured, with injuries ranging from minor to moderate and severe. The injured included nationals of the UAE, Egypt, Sudan, Ethiopia, the Philippines, Pakistan, Iran, India, Bangladesh, Sri Lanka, Azerbaijan, Yemen, Uganda, Eritrea, Lebanon, Afghanistan, Bahrain, Comoros, Türkiye, Iraq, Nepal, Nigeria, Oman, Jordan, Palestine, Ghana, Indonesia, Sweden and Tunisia. The Ministry of Defence affirmed that it remains fully prepared and ready to deal with any threats and will firmly confront anything that aims to undermine the security of the country, in a manner that ensures the protection of its sovereignty, security and stability and safeguards its interests and national capabilities. #وزارة_الدفاع #وزارة_الدفاع_الإماراتية #MOD #UAEMinistryOfDefence"".",,8,8,36,36,0,0,0,0
2026-04-01,DWllVatiAYg,https://www.instagram.com/modgovae/p/DWllVatiAYg/,"UAE air defences engage 5 ballistic missiles, 35 UAVs","UAE air defences engaged 5 Ballistic missiles and 35 UAV’s. The UAE air defences on (1st April 2026) engaged 5 Ballistic missiles and 35 UAV’s launched from Iran. Since the start of the blatant Iranian attacks, UAE air defences have engaged 438 ballistic missiles, 19 cruise missiles and 2,012 UAVs. The attacks resulted in the martyrdom of 2 members of the armed forces while performing their national duty, in addition to the martyrdom of a Moroccan civilian contracted by the Armed Forces, as well as 9 fatalities of Pakistani, Nepali, Bangladeshi, Palestinian and Indian nationalities. A total of 190 people were also injured, with injuries ranging from minor to moderate and severe. The injured included nationals of the UAE, Egypt, Sudan, Ethiopia, the Philippines, Pakistan, Iran, India, Bangladesh, Sri Lanka, Azerbaijan, Yemen, Uganda, Eritrea, Lebanon, Afghanistan, Bahrain, Comoros, Türkiye, Iraq, Nepal, Nigeria, Oman, Jordan, Palestine, Ghana, Indonesia, Sweden and Tunisia. The Ministry of Defence affirmed that it remains fully prepared and ready to deal with any threats and will firmly confront anything that aims to undermine the security of the country, in a manner that ensures the protection of its sovereignty, security and stability and safeguards its interests and national capabilities. #وزارة_الدفاع #وزارة_الدفاع_الإماراتية #MOD #UAEMinistryOfDefence"".",,5,5,35,35,0,0,0,0
2026-04-02,DWoKPYniCqi,https://www.instagram.com/modgovae/p/DWoKPYniCqi/,"UAE air defences engage 19 ballistic missiles, 26 UAVs","UAE air defences engaged 19 Ballistic missiles and 26 UAV’s. The UAE air defences on (2nd April 2026) engaged 19 Ballistic missiles and 26 UAV’s launched from Iran. Since the start of the blatant Iranian attacks, UAE air defences have engaged 457 ballistic missiles, 19 cruise missiles and 2,038 UAVs. The attacks resulted in the martyrdom of 2 members of the armed forces while performing their national duty, in addition to the martyrdom of a Moroccan civilian contracted by the Armed Forces, as well as 9 fatalities of Pakistani, Nepali, Bangladeshi, Palestinian and Indian nationalities. A total of 191 people were also injured, with injuries ranging from minor to moderate and severe. The injured included nationals of the UAE, Egypt, Sudan, Ethiopia, the Philippines, Pakistan, Iran, India, Bangladesh, Sri Lanka, Azerbaijan, Yemen, Uganda, Eritrea, Lebanon, Afghanistan, Bahrain, Comoros, Türkiye, Iraq, Nepal, Nigeria, Oman, Jordan, Palestine, Ghana, Indonesia, Sweden and Tunisia. The Ministry of Defence affirmed that it remains fully prepared and ready to deal with any threats and will firmly confront anything that aims to undermine the security of the country, in a manner that ensures the protection of its sovereignty, security and stability and safeguards its interests and national capabilities. #وزارة_الدفاع #وزارة_الدفاع_الإماراتية #MOD #UAEMinistryOfDefence"".",,19,19,26,26,0,0,0,0
2026-04-07,DW0_-bciJiz,https://www.instagram.com/modgovae/p/DW0_-bciJiz/,"UAE air defences engage 1 ballistic missiles, 11 UAVs","UAE Air Defenses engaged 1 Ballistic Missile and 11 UAV’s. The Ministry of Defense announced that on April 7, 2026, UAE air defense systems successfully engaged 1 Ballistic missile and 11 UAV’s launched from Iran. Since the onset of these blatant Iranian attacks, UAE air defenses have engaged a total of 520 ballistic missiles, 26 cruise missiles, and 2,221 UAV’s. No martyrs, fatalities, or injuries have been reported in the past hours. Since the onset of the blatant Iranian attacks, the total number of martyrs has reached 2, in addition to the martyrdom of a Moroccan civilian contracted with the Armed Forces. The total number of civilian fatalities stands at 10, from Pakistani, Nepalese, Bangladeshi, Palestinian, Indian, and Egyptian nationalities. The total number of injuries has reached 221 since the onset of the blatant Iranian attacks, involving individuals of various nationalities, including Emirati, Egyptian, Sudanese, Ethiopian, Filipino, Pakistani, Iranian, Indian, Bangladeshi, Sri Lankan, Azerbaijani, Yemeni, Ugandan, Eritrean, Lebanese, Afghan, Bahraini, Comorian, Turkish, Iraqi, Nepalese, Nigerian, Omani, Jordanian, Palestinian, Ghanaian, Indonesian, Swedish, Tunisian, Moroccan, and Russian. The Ministry of Defence affirmed that it remains fully prepared and ready to deal with any threats and will firmly confront anything that aims to undermine the security of the country, in a manner that ensures the protection of its sovereignty, security and stability and safeguards its interests and national capabilities. #وزارة_الدفاع #وزارة_الدفاع_الإماراتية #MOD #UAEMinistryOfDefence"".",,1,1,11,11,0,0,0,0
2026-04-08,DW3ks2iiA60,https://www.instagram.com/modgovae/p/DW3ks2iiA60/,"UAE air defences engage 17 ballistic missiles, 35 UAVs","UAE Air Defenses engaged 17 Ballistic Missiles and 35 UAV’s. The Ministry of Defense announced that on April 8, 2026, UAE air defense engaged 17 ballistic missiles and 35 UAV’s launched from Iran. Since the onset of the blatant Iranian attacks, UAE air defenses have engaged a total of 537 ballistic missiles, 26 cruise missiles, and 2,256 UAV’s. These attacks resulted in injuries to 3 individuals, all of whom sustained minor injuries, bringing the total number of injuries to 224, involving individuals of various nationalities, including Emirati, Egyptian, Sudanese, Ethiopian, Filipino, Pakistani, Iranian, Indian, Bangladeshi, Sri Lankan, Azerbaijani, Yemeni, Ugandan, Eritrean, Lebanese, Afghan, Bahraini, Comorian, Turkish, Iraqi, Nepalese, Nigerian, Omani, Jordanian, Palestinian, Ghanaian, Indonesian, Swedish, Tunisian, Moroccan, and Russian. No martyrs or fatalities have been reported in the past hours. Since the onset of the blatant Iranian attacks, the total number of martyrs has reached 2, in addition to the martyrdom of a Moroccan civilian contracted with the Armed Forces. The total number of civilian fatalities stands at 10, from Pakistani, Nepalese, Bangladeshi, Palestinian, Indian, and Egyptian nationalities. The Ministry of Defence affirmed that it remains fully prepared and ready to deal with any threats and will firmly confront anything that aims to undermine the security of the country, in a manner that ensures the protection of its sovereignty, security and stability and safeguards its interests and national capabilities. #وزارة_الدفاع #وزارة_الدفاع_الإماراتية #MOD #UAEMinistryOfDefence"".",,17,17,35,35,0,0,0,0
